method,rel_regret
STNU,56.67702118289305
proactive,26.93628742453323
