method,rel_regret
STNU,52.01178253563338
proactive,26.729439733476937
reactive,27.777471256839124
