method,rel_regret
STNU,62.00665380222907
proactive,36.04068828797112
reactive,12.17414987188039
