method,rel_regret
STNU,91.81559363201288
proactive,47.34288025750571
reactive,96.53779341193842
