method,rel_regret
STNU,80.88221531775949
proactive,49.79144186414026
reactive,92.30493862892162
