method,rel_regret
STNU,70.7118353439159
proactive,31.961439292608528
reactive,84.19001173512476
