instance_folder,instance_id,method,time_limit_pi,time_limit_cp_stnu,obj,obj_pi,feasibility,feasibility_pi,rel_regret,real_durations,start_times,time_offline,time_online
j10,1,STNU,60,60,26.0,26.0,True,True,0.0,"[0, 2, 9, 1, 1, 2, 5, 11, 2, 3, 1, 0]","[0, 4, 0, 0, 0, 7, 20, 9, 24, 13, 6, 26]",0.35549068450927734,0.003284931182861328
j10,2,STNU,60,60,inf,inf,False,False,0.0,"[0, 2, 7, 10, 1, 11, 10, 1, 7, 7, 10, 0]",,0.028172016143798828,0.0
j10,3,STNU,60,60,inf,37.0,False,True,100.0,"[0, 1, 6, 1, 9, 7, 3, 6, 4, 10, 4, 0]",,0.25920581817626953,0.0
j10,4,STNU,60,60,inf,32.0,False,True,100.0,"[0, 6, 2, 2, 3, 6, 1, 3, 4, 7, 4, 0]",,0.24145078659057617,0.0
j10,5,STNU,60,60,inf,32.0,False,True,100.0,"[0, 10, 7, 1, 1, 2, 8, 5, 2, 2, 9, 0]",,0.2395327091217041,0.0
j10,6,STNU,60,60,inf,inf,False,False,0.0,"[0, 1, 3, 3, 6, 10, 6, 3, 1, 9, 7, 0]",,0.02891087532043457,0.0
j10,7,STNU,60,60,inf,44.0,False,True,100.0,"[0, 8, 1, 2, 6, 8, 3, 4, 1, 10, 2, 0]",,0.23655200004577637,0.0
j10,8,STNU,60,60,inf,37.0,False,True,100.0,"[0, 8, 8, 3, 6, 4, 3, 2, 1, 1, 2, 0]",,0.23902201652526855,0.0
j10,9,STNU,60,60,44.0,38.0,True,True,15.789473684210526,"[0, 3, 9, 1, 6, 5, 5, 7, 7, 6, 2, 0]","[0, 1, 10, 0, 1, 7, 15, 27, 34, 25, 23, 44]",0.24462008476257324,0.003609895706176758
