instance_folder,instance_id,rel_regret,obj,obj_pi,method,time_limit_pi,time_limit_rescheduling,time_limit_initial,solver_calls,feasibility,feasibility_pi,real_durations,start_times,time_offline,time_online
j10,1,100.0,inf,26.0,reactive,60,10,60,10,False,True,"[0, 2, 9, 1, 1, 2, 5, 11, 2, 3, 1, 0]","[0, 3, 0, 0, 0, 7, 20, 10, 24, 12, 5, 26]",0.12419009208679199,0.29286980628967285
j10,2,0.0,inf,inf,reactive,60,10,60,1,False,False,"[0, 2, 7, 10, 1, 11, 10, 1, 7, 7, 10, 0]",,0.03466010093688965,1.1205673217773438e-05
j10,3,100.0,inf,37.0,reactive,60,10,60,8,False,True,"[0, 1, 6, 1, 9, 7, 3, 6, 4, 10, 4, 0]","[0, 7, 0, 17, 23, 11, 20, 21, 29, 26, 23, 36]",0.03513312339782715,0.21790504455566406
j10,4,21.875,39.0,32.0,reactive,60,10,60,12,True,True,"[0, 6, 2, 2, 3, 6, 1, 3, 4, 7, 4, 0]","[0, 9, 8, 17, 0, 3, 8, 3, 10, 29, 10, 39]",0.03043079376220703,0.3463869094848633
j10,5,100.0,inf,33.0,reactive,60,10,60,5,False,True,"[0, 10, 7, 1, 1, 2, 8, 5, 2, 2, 9, 0]","[0, 0, 0, 9, 5, 13, 24, 15, 11, 15, 15, 32]",0.03149008750915527,0.12657594680786133
j10,6,0.0,inf,inf,reactive,60,10,60,1,False,False,"[0, 1, 3, 3, 6, 10, 6, 3, 1, 9, 7, 0]",,0.029357194900512695,1.4781951904296875e-05
j10,7,100.0,inf,44.0,reactive,60,10,60,11,False,True,"[0, 8, 1, 2, 6, 8, 3, 4, 1, 10, 2, 0]","[0, 0, 28, 0, 0, 10, 38, 18, 30, 29, 23, 43]",0.03144192695617676,0.30977892875671387
j10,8,5.405405405405405,39.0,37.0,reactive,60,10,60,12,True,True,"[0, 8, 8, 3, 6, 4, 3, 2, 1, 1, 2, 0]","[0, 10, 0, 4, 19, 27, 28, 36, 28, 26, 33, 39]",0.032095909118652344,0.34581494331359863
j10,9,18.42105263157895,45.0,38.0,reactive,60,10,60,12,True,True,"[0, 3, 9, 1, 6, 5, 5, 7, 7, 6, 2, 0]","[0, 2, 10, 0, 2, 11, 19, 27, 35, 29, 25, 45]",0.031980037689208984,0.34851717948913574
