instance_folder,instance_id,obj,method,time_limit_rescheduling,time_limit_initial,solver_calls,feasibility,real_durations,estimated_start_times,start_times,time_offline,time_online,mode,estimated_durations,obj_pi
ubo50,2,inf,reactive_quantile_0.9,2,60,1,False,"[0, 1, 2, 1, 2, 6, 1, 4, 6, 5, 3, 2, 4, 5, 1, 11, 6, 3, 7, 8, 1, 1, 2, 4, 8, 5, 1, 1, 7, 3, 4, 10, 1, 2, 3, 6, 5, 2, 1, 3, 7, 2, 4, 6, 5, 1, 3, 1, 2, 11, 9, 0]",,,inf,inf,quantile_0.9,"[0, 1, 3, 1, 2, 6, 1, 8, 9, 5, 5, 6, 8, 8, 2, 12, 6, 3, 11, 12, 2, 2, 2, 5, 8, 5, 3, 2, 7, 5, 6, 12, 1, 2, 6, 9, 5, 6, 1, 6, 11, 3, 7, 9, 9, 3, 6, 3, 6, 11, 11, 0]",166.0
ubo50,2,inf,reactive_quantile_0.9,2,60,1,False,"[0, 1, 1, 1, 2, 2, 1, 7, 5, 5, 3, 4, 8, 4, 2, 6, 5, 2, 7, 11, 1, 1, 2, 5, 4, 2, 3, 2, 6, 2, 4, 12, 1, 1, 2, 8, 5, 3, 1, 4, 10, 1, 3, 9, 7, 1, 4, 1, 5, 6, 6, 0]",,,inf,inf,quantile_0.9,"[0, 1, 3, 1, 2, 6, 1, 8, 9, 5, 5, 6, 8, 8, 2, 12, 6, 3, 11, 12, 2, 2, 2, 5, 8, 5, 3, 2, 7, 5, 6, 12, 1, 2, 6, 9, 5, 6, 1, 6, 11, 3, 7, 9, 9, 3, 6, 3, 6, 11, 11, 0]",160.0
ubo50,3,229.0,reactive_quantile_0.9,2,60,1,True,"[0, 5, 8, 4, 2, 2, 6, 11, 6, 5, 1, 6, 6, 2, 6, 6, 7, 10, 7, 1, 7, 6, 8, 8, 2, 3, 5, 10, 6, 3, 4, 12, 4, 6, 2, 2, 2, 7, 7, 6, 7, 3, 2, 4, 6, 5, 3, 1, 5, 5, 1, 0]","[0, 25, 0, 13, 11, 0, 49, 185, 142, 81, 64, 164, 58, 164, 120, 176, 167, 13, 79, 77, 112, 25, 90, 65, 135, 196, 137, 101, 144, 37, 3, 65, 178, 126, 19, 23, 56, 77, 153, 88, 42, 173, 13, 199, 207, 224, 31, 222, 185, 214, 21, 230]","[0, 25, 0, 13, 11, 0, 49, 185, 142, 81, 64, 164, 58, 164, 120, 176, 167, 13, 79, 77, 112, 25, 90, 65, 135, 196, 137, 101, 144, 37, 3, 65, 178, 126, 19, 23, 56, 77, 153, 88, 42, 173, 13, 199, 207, 223, 31, 222, 185, 214, 21, 229]",60.02691888809204,38.28589487075806,quantile_0.9,"[0, 5, 8, 4, 2, 2, 6, 11, 6, 5, 1, 6, 6, 2, 6, 6, 7, 10, 7, 1, 7, 6, 8, 8, 2, 3, 5, 10, 6, 3, 4, 12, 4, 6, 2, 2, 2, 7, 7, 6, 7, 3, 2, 4, 6, 5, 3, 1, 5, 5, 1, 0]",177.0
