instance_folder,instance_id,method,nr_samples,obj,obj_pi,rel_regret,time_limit_SAA,feasibility,feasibility_pi,real_durations,start_times,time_offline,time_online,time_limit_pi
j10,1,proactive,10,29.0,26.0,11.538461538461538,600,True,True,"[0, 2, 9, 1, 1, 2, 5, 11, 2, 3, 1, 0]","[0, 3, 0, 0, 0, 7, 24, 12, 24, 12, 5, 29]",0.12699389457702637,0.0002231597900390625,
j10,2,proactive,10,inf,inf,0.0,600,False,False,"[0, 2, 9, 11, 1, 9, 11, 1, 9, 9, 9, 0]",,0.04497718811035156,0.0,60.0
j10,3,proactive,10,36.0,33.0,9.090909090909092,600,True,True,"[0, 1, 6, 2, 9, 7, 3, 2, 5, 9, 4, 0]","[0, 8, 0, 17, 23, 11, 20, 21, 30, 26, 23, 36]",0.9004371166229248,0.00024008750915527344,
j10,4,proactive,10,41.0,37.0,10.81081081081081,600,True,True,"[0, 6, 2, 6, 2, 7, 1, 4, 7, 11, 7, 0]","[0, 9, 8, 18, 0, 3, 8, 3, 10, 30, 10, 40]",0.1405799388885498,0.00024080276489257812,
j10,5,proactive,10,35.0,28.0,25.0,600,True,True,"[0, 6, 10, 2, 2, 2, 5, 5, 2, 4, 6, 0]","[0, 0, 0, 11, 7, 15, 27, 17, 13, 17, 17, 35]",0.7214357852935791,0.00022029876708984375,
j10,6,proactive,10,inf,inf,0.0,600,False,False,"[0, 1, 4, 4, 5, 12, 12, 4, 1, 6, 5, 0]",,0.04366302490234375,0.0,60.0
j10,7,proactive,10,45.0,41.0,9.75609756097561,600,True,True,"[0, 8, 1, 4, 11, 7, 2, 6, 1, 7, 1, 0]","[0, 0, 28, 0, 0, 14, 40, 29, 30, 29, 11, 45]",0.16959834098815918,0.0002532005310058594,
j10,8,proactive,10,43.0,36.0,19.444444444444443,600,True,True,"[0, 7, 7, 2, 6, 4, 3, 3, 2, 1, 2, 0]","[0, 11, 0, 9, 22, 27, 33, 39, 33, 42, 36, 43]",0.12939119338989258,0.00021982192993164062,
j10,9,proactive,10,51.0,40.0,27.5,600,True,True,"[0, 4, 11, 1, 9, 9, 4, 8, 7, 4, 2, 0]","[0, 2, 7, 0, 2, 13, 34, 24, 41, 27, 22, 51]",1.02302885055542,0.00024509429931640625,
